http://news.sohu.com/20120612/n345428229.shtml,公安机关销毁１０余万非法枪支　跨国武器走私渐起,中广网唐山６月１２日消息（记者汤一亮　庄胜春）据中国之声《新闻晚高峰》报道，今天（１２日）上午，公安机关２０１２年缉枪制爆专项行动“统一销毁非法枪爆物品活动”在河北唐山正式启动，１０万余只非法枪支、２５０余吨炸药在全国１５０个城市被统一销毁。黄明：现在我宣布，全国缉枪制爆统一销毁行动开始！随着公安部副部长黄明一声令下，大量仿制式枪以及猎枪、火药枪、气枪在河北唐山钢铁厂被投入炼钢炉。与此同时，在全国各省区市１５０个城市，破案追缴和群众主动上缴的１０万余支非法枪支被集中销毁，在全国各指定场所，２５０余吨炸药被分别销毁。公安部治安局局长刘绍武介绍，这次销毁的非法枪支来源于三个方面。刘绍武：打击破案包括涉黑、涉恶的团伙犯罪、毒品犯罪，还有从境外非法走私的枪支爆炸物。在销毁现场，记者看到了被追缴和上缴的各式各样的枪支。刘绍武：也包括制式枪，有的是军用枪、仿制的制式抢，还有猎枪、私制的火药枪等等。按照我国的枪支管理法，这些都是严厉禁止个人非法持有的。中国是世界上持枪犯罪的犯罪率最低的国家之一。中美联手破获特大跨国走私武器弹药案近日，中美执法部门联手成功破获特大跨国走私武器弹药案，在中国抓获犯罪嫌疑人２３名，缴获各类枪支９３支、子弹５万余发及大量枪支配件。在美国抓获犯罪嫌疑人３名，缴获各类枪支１２支。这是公安部与美国移民海关执法局通过联合调查方式侦破重大跨国案件的又一成功案例。２０１１年８月２５日，上海浦东国际机场海关在对美国纽约发往浙江台州，申报品名为扩音器（音箱）的快件进行查验时，发现货物内藏有手枪９支，枪支配件９件，长枪部件７件。经检验，这些都是具有杀伤力的制式枪支及其配件。这引起了公安部和海关总署的高度重视。公安部刑侦局局长刘安成：因为是从海关进口的货物中检查出来夹带，说明来源地是境外，或是说国外，这应该是一起特大跨国走私武器弹药的案件。上海市公安局和上海海关缉私局成立联合专案组，迅速开展案件侦查。专案组于８月２６日在浙江台州ＵＰＳ取件处将犯罪嫌疑人王挺（男，３２岁，台州市人）抓获。王挺交代，他通过一境外网站上认识了上家林志富，２００９年１１月以来，林志富长期居住美国，他通过互联网组建了一个走私、贩卖、私藏枪支弹药的群体，通过网络在国内寻找枪支弹药买家，并通过美国ＵＰＳ联邦速递公司将枪支弹药从纽约快递给多名类似王挺的中间人，再通过中间人发送给国内买家。此案中，犯罪分子依托虚拟网络进行犯罪交易，隐蔽性强，涉案人员使用的身份、地址、联系方式都是虚构的，侦查难度很大。刘安成说，此案体现了是新型犯罪，特别是现代犯罪的新特点。刘安成：他不受距离的限制、经常是跨国跨境，甚至是跨一个、数个、甚至数十个国家。这种犯罪手法的改变和新型犯罪的特点，要求我们各国警方充分合作。作者：汤一亮　庄胜春</content>
http://news.sohu.com/20120607/n344998325.shtml,张绍刚发道歉信网友不认可：他的问题是俯视他人（图）,天津卫视求职节目《非你莫属》“晕倒门”事件余波未了，主持人张绍刚前日通过《非你莫属》节目组发出道歉信，称自己错在对留学生缺乏了解。但他的道歉，没有得到网友的接受和原谅，有网友尖锐指出，张绍刚的问题就在俯视他人，连道歉都不会。张绍刚：我是一番好意之前哪怕被网友骂得再凶，张绍刚也表现彪悍，声称自己没错，绝不道歉。但这几天李开复领衔讨伐节目组，网上民意汹汹要他“下课”，张绍刚显然有点撑不住。前日他通过《非你莫属》节目组，发出一则语焉不详的道歉信。信中他将自己在节目中的表现，解释为一番好意，就像几年前程鹤麟先生说他的，“追在别人屁股后面，碎嘴叨叨地说＂你得这样，这是为了你好＂，而自己的错误，在于对求职者不够了解，没有站在别人的角度考虑问题，“当不了解一个群体的时候，就无法给出准确的判断和建议，今年以来的各种沸沸扬扬，大多源自于此。”他最后表示：“留学生的批评我很感谢，我会努力去了解这个群体的所思所想。有问题的，认识、纠正，这是咱们经常跟同学们说的，今天我对自己说！”网友：别再硬挺下去张绍刚的这番道歉，却没有得到网友的认可。有网友尖锐指出，张绍刚的问题在于俯视他人，连道歉都不会：“张绍刚要么在讲台，要么在舞台，对学生、对选手都掌握生杀大权，高高在上惯了，很难做到平视。他的问题不在于对哪个群体是否了解，而是他的态度。”更有网友认为，张绍刚存在自卑感，“在所有的海归学生访谈的时候，他对于相关外文的资料，先以＂我看不懂＂推脱；当学生提及在当地生活经验的时候，他就在对方的用字里面挑刺；然后吆喝批判学生数典忘祖，不爱祖国”。有网友劝张绍刚：“张先生，请先把自卑处理，再当主持人。”“别再硬挺了，再挺下去就真成棒槌了。”（余乐）作者：余乐　（来源：羊城晚报）
http://news.sohu.com/20120604/n344745879.shtml,＃（关注夏收）（３）夫妻“麦客”忙麦收,临沂（山东），２０１２年６月４日　夫妻“麦客”忙麦收　６月４日，在山东省临沂市郯城县郯城街道米顶村麦田间，范加江驾驶收割机在收获小麦。　三夏时节，山东小麦主产区处处可见“麦客”驾驶联合收割机在麦田中来回穿梭。生活在郯城县郯城街道东风村的范加江、赵琴兰夫妇就是众多“麦客”中的一对。小两口于２０１１年投资１１万多元购买了一台大型小麦联合收割机，成为村里第一对夫妻“麦客”。麦收时节，天一刚亮，夫妻俩就开始为农户收割小麦，中午在田间地头凑合填饱肚子，晚上有时要干到十一、二点。夫妻俩各自分工，丈夫收割，妻子负责量地、看路、买油、替农户装粮袋等。忙的时候，一天能收割６０多亩，一个麦季下来能挣２万多元。　在郯城县，有２００多对夫妻“麦客”驾驶联合收割机忙碌在田间地头。他们辛勤忙碌在麦收一线，为小麦及时归仓挥洒着辛勤的汗水，同时通过劳动也为自己带来了稳定的收入。　新华社发（张春雷　摄）
http://news.sohu.com/20120613/n345535702.shtml,欧洲杯大战在即　荷兰葡萄牙面临淘汰将背水一战,中广网北京６月１３日消息（记者王宇）据中国之声《新闻晚高峰》报道，明天凌晨两场欧洲杯的精彩比赛上演，死亡之组Ｂ组当中两支传统的强队荷兰队和葡萄牙队正面临着提前淘汰出局的危险。第一轮之后Ｂ组的积分的形势是３、３、０、０，德国和丹麦３分，葡萄牙和荷兰０分。今天又是３分的两支球队分别对阵０分的两支球队，如果０分的再输就会被淘汰，而３分的如果再赢就可以提前出线。换句话说，德国和丹麦今天晚上赢球就能出线，葡萄牙和荷兰如果输球就要回家。葡萄牙：Ｃ罗输球后失声痛哭北京时间今天晚上１２点丹麦对葡萄牙的比赛将在乌克兰的利沃夫进行，明天凌晨２点４５分德国对荷兰的比赛将在乌克兰的哈尔科夫进行。在输球就要回家的阴影笼罩之下，荷兰和葡萄牙队身上的压力可想而知。第一轮比赛中葡萄牙队负于德国。不过德国的实力强于葡萄牙强，葡萄牙队受到的质疑并不算大，但是头号球星罗纳尔多对自己的要求非常严格，现在全队的压力有七成都集中在了罗纳尔多身上，他想在国家队证明自己的欲望也非常强烈。虽然据说输球之后他甚至失声痛哭，但他后来表示在与皇马的教练穆里尼奥谈过之后，他相信葡萄牙队一定能够赢得这场球，带领球队走出困境。荷兰：媒体曝球队＂内讧＂和葡萄牙队相比，荷兰队在第一场输球以后产生的负能量更多一些。早在和丹麦队比赛之前就有媒体传出荷兰队出现了内讧，核心的人物就是范佩西和亨特拉尔这两名主力前锋的竞争者。而输给丹麦之后矛盾越来越多，涉及到的人也越来越多，有球员和球员之间的，也有球员和教练之间的。亨特拉尔对自己不能首发上场不满意，范德法特也抵触替补的角色，中场的德容质疑主帅是任人唯亲，在第一场里边把自己提前换下去没有把自己的女婿范博梅尔提前换下去。对于这样种种的矛盾，中场大将斯内德表示队中确实有人太过于自我，承认目前球队的气氛不如两年前，但是他也认为输掉第一场比赛之后出现这样的情况是正常的，但是不管怎么说如果荷兰想要战胜强大的德国队，必须先整理好内部。对于球迷来说，今天晚上的比赛会非常有吸引力，在荷兰和葡萄牙必须赢球的情况下，死亡之组的比赛将不会像首轮那样沉闷，一定会精彩纷呈。
http://news.sohu.com/20120601/n344598651.shtml,扎克伯格携妻罗马当街吃３０元麦当劳午餐（组图）,环球网记者李亮报道，正在意大利度蜜月的“脸谱”创始人扎克伯格与他华裔妻子的一举一动都处于媒体的追踪之下。５月３１日，在罗马这个拥有１３家米其林星级餐厅的城市，身家近千亿的扎克伯格夫妇被发现穿着普通的Ｔ恤短袖，在路边一家麦当劳花３英镑买了两人的午餐，并坐在街边的台阶上大嚼起来。英国《每日电讯报》５月３１日报道，扎克伯格夫妇的这顿午饭包括汉堡、炸鸡，仅３英镑（约为人民币３０元）。两人先是依偎着看餐牌，然后由妻子点餐，扎克伯格则调皮地拿起手机，给妻子拍照。拎着装满快餐食品的纸袋子，这对明星夫妇竟坐在街边的一个台阶上，边聊天边大吃起来。一位路人告诉记者，“没人认出他们俩。他们只是混在人群中。”延伸阅读：网友在微博上热传，ＣＣＴＶ最近播出的纪录片《中国警察》中，一位疑似脸谱网站创始人扎克伯格的群众演员成最大牌的“路人甲”。据报道，《中国警察》第四集第３１秒左右，出现貌似扎克伯格及其妻子今年３月在上海游玩时候的镜头。对着镜头，“扎克伯格”似乎笑得很开心，走路一甩一甩的让网友大呼喜感。［详细］（中国新闻网）
http://news.sohu.com/20120606/n344833606.shtml,“十分钟”传导“三公里”,本报记者　张忠德本报通讯员　张艳　苏婧城区“十分钟”从５月中旬开始，在胶南市珠海街道办事处的烟台东社区大舞台上，一台台京剧演出点燃了附近居民的热情，１００多人的演出队伍更是让几千人次的观众大呼过瘾。烟台东社区一位负责人告诉记者：“我们这个大舞台总共投资了６００多万元，可以承接很多大型演出。除了这个中心舞台外，还建设有古香古色的博物馆、村级阅览室、活动室等，每到夏天都会有很多演出。”２０１２年，胶南市继续对现有公共文化服务设施实施提升工程。其中，投资１５０万元对２０处城市社区文化中心实施功能建设完善；加大人民路、石桥大厦、珠海路三处文化广场的文化设施投资力度；在东部水城和灵山卫、北部隐珠和临港开发区、南部大学城、西部老城区等重点区域筹建具备一定演出能力的大型文化广场；加强市文化馆、博物馆、图书馆等公共文化服务设施建设和服务等，基本构建起城区“十分钟公共文化服务圈”。而在十分钟的文化圈里，一些地标性的文化工程也在逐步展开。总投资６亿元的胶南市市民文化中心目前已经通过规划，总占地达到７５亩，建筑面积１１．７万平方米，集会展中心、图书馆、博物馆、档案馆等文化馆所为一体，即将于近期开工。镇村“三公里”城区十分钟文化圈的基本建成，让胶南市将公共文化设施和服务体系建设的重心进一步延伸至基层。２０１２年，胶南市计划投资５１６万元加大基础薄弱村文化设施的建设力度：投资１８０万元加快建设经济开发区、度假区、王台镇等六个镇级特色文化广场，并根据每个特色文化广场的实际情况，配置流动舞台、灯光、音响等文化设施设备；投资５１６万元改扩建１７２处农村文化活动室，为其配置图书橱、ＤＶＤ、桌椅、音响、图书、投影仪、锣鼓等文化设施；采取以点带面、镇扶持的办法，重点培植市１４５个村（社区）特色化规范化文化活动场所，形成镇村“三公里公共文化服务圈”。胶南市在青岛市连续三年投资２９８０万元基础上，连续两年投资１１１６万元用于对镇村文化活动室的改善提升，到目前，全市所有镇街道已建成设施齐全、功能完善的综合文化站，其中一级站４处。全市１０１６个村（社区）全部建有文化活动室，其中高标准的８６０个，达到全市总村数８５％，基本能够满足镇村居民的“三公里文化需求”。传导效应显现２０１１年１０月，胶南市图书馆分馆在灵山卫街道办事处珠山文苑社区建立了第一个分馆，胶南市文广新局工作人员薛凯告诉记者：“可不要小瞧了这个分馆，虽然占地面积仅有１００多平方米，藏书也只有５０００多册，但纳入市图书馆统一目录的这个分馆实现了与胶南市图书馆的互联，村民可以实现统借统还，不必跑那么远的路去借书还书，目前这样的分馆还有一处在规划中。”下一步，为满足群众对电子文化信息的需求，胶南市将采取与党员干部现代远程教育、中小学校园网合作共建的办法，投资近１００万元推进文化信息资源共享工程建设。其中，投资７０万元在胶南市图书馆设立了文化信息资源共享工程支中心，在市级之中心示范带动下，全市建成镇村文化信息资源共享工程基层点９５５个，其中１８个达到规范化站点标准；投资２０万元建成４１个村级公共电子阅览室，２０１２年将大力实施公共电子阅览室建设工程，力争实现１０处镇街道和１９３个村公共电子资源阅览室标准化建设。为将有限的文化资源盘活起来，胶南市还坚持采用“送文化”与“种文化”相结合的方式，不断提升文化创新力。近年来，胶南持续开展了文化下乡和送欢乐下基层活动，每年财政投资３６０万元在全市所有镇（街道）和行政村（社区）开展送戏、送电影下乡活动，确保送戏下乡１５０场、放映公益电影１．２万场。除此之外，扎实推进农村益民书屋、流动文化服务进农村、进社区等文化惠民工程落到实处，保障基层特别是偏远地区群众的基本文化权益。“送文化”的同时，积极引导基层文化团体和文艺骨干“种文化”，按照鼓励发展，重点扶持的原则，着重培植１０个村级演出水平高、人员规模大、装备齐全的优秀庄户剧团，带动全市基层群众文化活动的提升，繁荣农村文化市场。　（来源：大众日报）
http://news.sohu.com/20120608/n345059134.shtml,金正恩为朝少年团代表安排宴会　学生发誓坚决跟随（图）,中新网６月８日电　据朝中社报道，２６０多名朝鲜少年团代表７日参加了朝鲜劳动党第一书记、朝鲜国防委员会第一委员长金正恩为他们自安排的宴会。金正恩为少年团代表们送来牛肉、虹鳟鱼等，给予他们悉心的照顾。少年团代表们发誓，坚决只相信并跟随金正恩，准备成为强盛国家坚定的骨干。　（来源：中国新闻网）
http://news.sohu.com/20120602/n344660519.shtml,国资委回应央企审计报告　称９７％问题完成修改,中新社北京６月２日电（记者　刘辰瑶）国资委２日在官网上回应了日前国家审计署发布的１５家中央企业２０１０年财务收支等审计结果公告，表示欢迎社会对央企进行监督。被“点名”的央企也于２日前纷纷对审计署提出的问题进行“检讨”，并称将进一步完善其制度。据悉，审计署１日公布了中石油、中石化、中国电科、一汽、二重等１５家中央企业２０１０年度财务收支等审计结果公告，披露了这些中央企业在财务管理、内部管理、投资项目管理等方面存在的问题。对于审计署指出的中国农业发展集团所属企业发车补贴两千余万元，中农发表示将对审计发现的问题边审边改，及时纠正。中石油集团也在官网发出声明，将结合２０１１年会计决算工作，完善相关制度和工作流程，限期整改并提交整改报告。中石化则表示要从源头上及时发现和堵塞漏洞。其他几家企业也在其官网做出了不同程度的“检讨”。据审计署企业审计司负责人表示，目前，已对８７名相关责任人进行了严肃处理，其中局级干部３人。对此，国资委指出，截至目前，相关企业修订、完善了２３３项规章制度，审计中发现的问题已有９７％完成了整改，其他问题正在积极整改中。国资委称，此次审计中发现了一些值得关注的问题，但从２０１２年审计署公布的审计评价意见看，中央企业的改革发展依旧取得了很大成绩，经营管理水平也有所提高。国资委还表示，将以此次审计报告发布为契机，督促相关企业认真落实审计整改意见，深入剖析原因，加强风险管控，堵塞管理漏洞，规范管理行为；各中央企业要紧密结合当前正在开展的“管理提升活动”，夯实基础管理，建立长效机制。
http://news.sohu.com/20120611/n345278481.shtml,证监会：重组中股票异常交易监管将加强,证监会近日召开新闻通气会，就《关于加强与上市公司重大资产重组相关股票异常交易监管的暂行规定（征求意见稿）》向社会公开征求意见。根据该规定，上市公司停牌进入重大资产重组程序后，证券交易所将立即启动股票异常交易核查程序，并及时将股票异常交易信息上报证监会。证监会对股票异常交易信息进行核查后，如认为涉嫌内幕交易，决定立案稽查的，上市公司应暂停重组进程，并及时进行信息披露和风险提示。该规定明确，如果上市公司及其控股股东、实际控制人、占本次重组总交易额的比例在２０％以上的交易对方，因本次重大资产重组相关的内幕交易行为被证监会行政处罚或者被司法机关依法追究刑事责任的，证监会将终止审核。记者李会　（来源：经济日报）
http://news.sohu.com/20120615/n345707886.shtml,台媒曝岛内大学教授假发票案　涉案教授或达千人,中国台湾网６月１５日消息　据台湾《中国时报》报道，岛内大学教授“假发票、真Ａ钱”案，如滚雪球，愈演愈烈，目前共有台北、台中、彰化、台南等四个地检署在侦办。最新一期的《时报周刊》报道，涉案教授可能多达１０００人，其中理工领域占三分之二强；由于台湾“检察总长”黄世铭定调以贪污罪嫌究办，涉案者将面临牢狱之灾，岛内各顶尖大学或学生，都会产生不小冲击。（中国台湾网　刘海伟）
http://news.sohu.com/20120604/n344744984.shtml,中石油创历史新低　大盘或开启短线下跌空间,受到欧美股市大跌以及多部位联合吹风设立国际板的影响，今日沪深股市大幅跳空低开后持续震荡走低。截至收盘，上证指数报２３０８．５５点，跌幅２．７３％，深成指报９８７４．５２点，跌幅２．６７％。盘面看，今日重周期行业表现疲软，采掘、建材、机械设备等跌幅居前；相比而言，大消费类行业则相对抗跌，医药生物、食品饮料、餐饮旅游指数跌幅都在２％以内。行业对比可以看到投资者的心态极为谨慎，资金以避险品种为首选。两桶油及金融股全面下挫，是拖累指数最为重要的力量。中国石油收盘报９．３０元，创出２００９年１月１５日以来的收盘新低。就在不久之前，中石油大股东刚刚结束为期一年的增持计划，从目前看来，该增持计划并未对股价产生长期的积极影响。从上证指数今日的走势来看，早盘２６点的跳空缺口是去年８月１９日以来的最大向下跳空缺口。今年以来，由于整体市场环境趋暖，还没有出现不被回补的向下跳空缺口。不过此次跳空缺口处在相对高位，杀跌力度又比较大，短线看回补难度很大。今日两市成交额并未出现大幅放大，截至收盘沪市成交额８６９亿元，与沪综指全日近６４点的下跌幅度，以及击穿重要技术支撑位的走势并不相称，显示下方承接盘不多。事实上，５月中下旬至今上证指数一直徘徊于半年线附近，并多次受到支撑，此次再次考验此均线，支撑力度已经显著下降。尽管消息面上看欧美大跌以及国际板试点打击了市场信心，不过真正令投资者缺乏底气的恐怕还是对国内经济的诸多担忧，包括目前经济增速下滑时缺乏有效的政策手段对抗；过去担当经济发动机的部门目前产能过剩、结构转型艰难；０９年“四万亿”投资逐渐显现出后遗症等。在这种大背景下，沪深股市未来的上涨空间不大，不过考虑到目前市场整体估值较低，因此Ｌ型走势在所难免，考虑到指数目前处于年内的中位区，这意味着短线仍有一定下跌空间。　记者　申鹏　（来源：新华网）
http://news.sohu.com/20120531/n344566706.shtml,中国驻英大使谈中英关系：尊重对方核心利益,中新网６月１日电　据台湾“中央社”报道，台当局行政机构负责人陈冲今天（６月１日）到台湾立法机构进行施政方针报告并备询，不过由于“在野党”“立委”对开放含瘦肉精美牛进口、油电价双涨、证所税等政策不满，占据主席台，陈冲无法上台报告。马英九５月２０日再次任命陈冲为台当局“行政院长”，“立法院”依法邀请陈冲到“立法院”施政报告并备质询。不过由于陈冲没有接受“在野党”要求先为证所税造成的乱象道歉，也未承诺暂时冻涨电价，因此遭到杯葛（阻扰），让议事再次陷入停摆。民进党“立法院”党团干事长潘孟安说，陈冲今天到“立法院”做施政方针报告，应先为证所税版本朝令夕改道歉，并宣布１０日电　价缓涨，否则将杯葛议事，不让他上台。由于陈冲没有接受“在野党”要求，因此在他准备要上台报告时，“在野党”“立委”就一哄而上，占据发言台，阻挡陈冲报告，国民党籍“立委”也立刻在台下高喊，要“在野党”“停止内耗”、“不要作秀”。台“立法院长”王金平多次呼吁“在野党”“立委”回到座位无效后，只好宣布会议休息，并召集“朝野”协商。
http://news.sohu.com/20120601/n344623318.shtml,“在野党”联手　台湾行政负责人施政报告受阻,
http://news.sohu.com/s2011/meiguolongjuanfeng/,美国龙卷风最新消息,
http://news.sohu.com/20120609/n345155633.shtml,美国大肠杆菌６州扩散　１名儿童死亡,
http://news.sohu.com/20120608/n345105393.shtml,（文化）（２）上海老相机制造博物馆即将开门迎客,
http://biz.cn.yahoo.com/ypen/20120606/1094236.html,各国央行推量化动力足　中国或面临两难格局,
http://biz.cn.yahoo.com/ypen/20120611/1102903.html,重大资产收购方案获通过　三公司今起复牌,
http://biz.cn.yahoo.com/ypen/20120615/1115731.html,三部委决定在上海试行启运港退税政策,
http://biz.cn.yahoo.com/ypen/20120606/1092854.html,银行员工倒苦水：没有存款资源就别进银行,
http://biz.cn.yahoo.com/ypen/20120615/1113919.html,梵高理财坠落轨迹　凶悍的人海战术,
http://biz.cn.yahoo.com/ypen/20120601/1082863.html,约定收益不断攀升　分级债基趁势吸金,
http://biz.cn.yahoo.com/ypen/20120612/1105564.html,煤企纷纷降价促销　煤炭“黄金十年”或已终结,
http://biz.cn.yahoo.com/ypen/20120608/1099862.html,财政部：政府性资金要对民间投资主体同等对待,
http://biz.cn.yahoo.com/ypen/20120608/1098827.html,全球股市暴涨Ａ股熊样不改　市场人士一片哀鸿,
http://biz.cn.yahoo.com/ypen/20120614/1112854.html,李旭利：常理上不太可能选择工行建行做老鼠仓,
http://biz.cn.yahoo.com/ypen/20120606/1094605.html,拆迁款瘦身记：拨款１７１万支付１４０万到手３１万,
http://biz.cn.yahoo.com/ypen/20120606/1093983.html,四大银行股价节节溃退　工行建行跌破汇金成本线,
http://biz.cn.yahoo.com/ypen/20120607/1095597.html,村民发现乌木值百万　当地政府夺走称属国有,
http://biz.cn.yahoo.com/ypen/20120610/1101781.html,中国经济走过黄金十年　转型将造福世界经济,
http://biz.cn.yahoo.com/ypen/20120604/1088959.html,驾驶员不应转化为交强险中的“第三者”,
http://biz.cn.yahoo.com/ypen/20120610/1101755.html,１０万七天理财收益仅百元　银行产品实际收益低,
http://biz.cn.yahoo.com/newspic/biz/1483/</url>,中国单年捐赠过亿的十大富豪,
http://biz.cn.yahoo.com/newspic/biz/1451/15/</url>,曝光朝鲜官员的隐秘特供商店　真令人失望,
http://biz.cn.yahoo.com/ypen/20120601/1084644.html,阳光人寿“龙凤宝贝计划之传家保保单”上市,
http://biz.cn.yahoo.com/ypen/20120601/1082984.html,王耀辉涉农行副行长案　曾借道信托违规圈钱,
http://biz.cn.yahoo.com/newspic/biz/1622/42/</url>,中国毒食品横行　我们到底还能吃什么？,
http://biz.cn.yahoo.com/ypen/20120605/1090134.html,Ａ股市场遭遇黑色星期一　基金表态不必过度悲观,
http://biz.cn.yahoo.com/ypen/20120606/1092944.html,油价大跌拖累华宝油气　前十大持有人出现万元户,
http://biz.cn.yahoo.com/ypen/20120614/1113058.html,国内油价两连跌　下游行业跟涨容易跟跌难,
http://biz.cn.yahoo.com/newspic/biz/7555/</url>,丹属法罗群岛捕鲸　鲜血染红海水（,
http://biz.cn.yahoo.com/ypen/20120612/1106944.html,调研显示西北县域金融垄断程度高于平均水平,
http://biz.cn.yahoo.com/ypen/20120601/1083207.html,山西省委书记：煤老板将淡出历史舞台,
http://biz.cn.yahoo.com/ypen/20120605/1091755.html,第四期国债２０分钟卖光　发售前晚市民已排队等候,
http://biz.cn.yahoo.com/ypen/20120605/1092398.html,北新建材及其控股子公司拟逾４亿投资三项目,
http://biz.cn.yahoo.com/ypen/20120613/1110054.html,发改委连发两文赞阶梯电价：实现富人补贴穷人,
http://biz.cn.yahoo.com/ypen/20120615/1113760.html,重庆上邦高球场非法占地７６４亩被罚１２７３万,
http://biz.cn.yahoo.com/ypen/20120605/1091552.html,信贷资产证券化重启　众银行抢５００亿额度,
http://biz.cn.yahoo.com/ypen/20120614/1111534.html,华泰柏瑞打造坑人利器　百亿ＥＴＦ造就期现双杀,
http://biz.cn.yahoo.com/ypen/20120607/1095439.html,荣信股份高管狂减　中邮和嘉实重仓踩雷,
http://biz.cn.yahoo.com/ypen/20120608/1098300.html,叶檀：央行降息是倒逼的结果,
http://biz.cn.yahoo.com/ypen/20120608/1099768.html,陈文辉：偿付能力监管体系需与时俱进,
http://biz.cn.yahoo.com/ypen/20120608/1098516.html,学者争论降息对楼市影响　马光远称楼市将反弹,
http://biz.cn.yahoo.com/ypen/20120611/1104246.html,蒲长城：去年重新审核并淘汰４０％乳制品企业,
http://biz.cn.yahoo.com/ypen/20120604/1087264.html,５月数据或令调控再出手　非对称降息预期升温,
http://biz.cn.yahoo.com/ypen/20120611/1103307.html,新股申报脚步放缓　上周新增３家拟上市公司,
http://biz.cn.yahoo.com/ypen/20120607/1096130.html,美国大豆出口六成进入中国,
http://biz.cn.yahoo.com/ypen/20120611/1102742.html,东方基金庞飒：习惯逆向投资,
http://biz.cn.yahoo.com/newspic/biz/2103/5/</url>,食品添加剂　你了解多少？,
http://biz.cn.yahoo.com/ypen/20120604/1089168.html,多地楼市密集微调　民众担忧市场反弹,
http://biz.cn.yahoo.com/newspic/biz/1451/16/,曝光朝鲜官员的隐秘特供商店　真令人失望,
http://biz.cn.yahoo.com/ypen/20120614/1112512_1.html,农行２万存款变保单　退回须赔违约金逾６千元,
http://biz.cn.yahoo.com/ypen/20120601/1083714_1.html,第五个国家级新区有望落户大连　１０股最大赢家,
http://biz.cn.yahoo.com/ypen/20120605/1090093.html,理财从儿童做起　６招教您的孩子学习理财,
http://biz.cn.yahoo.com/ypen/20120608/1099577.html,房贷利率走低经济回暖　纽约华人再掀购房热,
http://biz.cn.yahoo.com/newspic/biz/2103/13/,食品添加剂　你了解多少？,
http://biz.cn.yahoo.com/ypen/20120613/1109404.html,烟台食品安全新规：种植环节出问题农业部门负责,
http://biz.cn.yahoo.com/ypen/20120601/1082830.html,大连有望设立第五个国家级新区　带动东北振兴,
http://biz.cn.yahoo.com/newspic/biz/7537/</url>,“韩影宫”集体关门　六千多会员被“套”（,
http://biz.cn.yahoo.com/ypen/20120613/1110190.html,银行开打存款争夺战　三年定存利率竟相差３．５％,
http://biz.cn.yahoo.com/ypen/20120604/1089271.html,许小年：民营企业家与制度的摩擦将长期存在,
http://biz.cn.yahoo.com/ypen/20120615/1114448.html,证券业协会六招遏制ＩＰＯ人情报价,
http://biz.cn.yahoo.com/ypen/20120610/1101723.html,可乐瓶里有根管　身价能翻千倍,
http://biz.cn.yahoo.com/ypen/20120612/1105313.html,监管部门开绿灯小产权房疯长　涉及群众一万余人,
http://biz.cn.yahoo.com/ypen/20120610/1101440.html,李大霄：政策利好不断累积　股市将向好无须悲观,
http://biz.cn.yahoo.com/newspic/biz/4857/97/</url>,官员赌博称陪女同事度更年期　看尽中国为官不仁,
http://biz.cn.yahoo.com/ypen/20120610/1102044.html,日本森永召回约３２万盒奶制品　包括立顿奶茶等,
http://club.news.sohu.com/r-help-976192-14316-27647-rl,·搜狐社区用户请确认您发表的言论符合,
http://club.news.sohu.com/r-zz0209-401940-0-3-9.html,剩余可输入字符数：４０００,
http://news.cn.yahoo.com/ypen/20120612/1105628.html,中美联手破获跨国走私武器案　主犯系美国士兵,
http://news.cn.yahoo.com/newspic/news/7819/2/?overvi,中国员工何时成了外企老板的出气筒？,
http://news.cn.yahoo.com/ypen/20120602/1086085.html,苏贞昌：若执政者一意孤行　民进党将强烈反应,
http://news.cn.yahoo.com/ypen/20120607/1095072.html?1,妇女色诱八旬老头　３名壮汉扮警察抓嫖敲诈钱财,
http://news.cn.yahoo.com/ypen/20120609/1100214.html,加拿大西部发生石油管道泄漏　距市区月１００公里,
http://news.cn.yahoo.com/newspic/news/3233/4/?overvi,印度民众观测日环食,
http://news.cn.yahoo.com/newspic/news/7224/2/,脱衣舞“疯狂”农村夏夜让人汗颜,
http://news.cn.yahoo.com/newspic/news/24978/1/,广西都安：暴雨袭击万人受灾（,
http://news.cn.yahoo.com/ypen/20120601/1083918.html,山东曲阜孔林附近女子被斩首续：系凶手女友,
http://news.cn.yahoo.com/newspic/news/9731/,重庆一男子连杀３人刺伤１民警后被围殴致死,
http://news.cn.yahoo.com/ypen/20120605/1089925.html,我国拟修改安全生产法　企业存隐患可被断水断电,
http://news.cn.yahoo.com/ypen/20120601/1084789.html,药监局：６月底前完成城区餐饮单位量化分级管理,
http://news.cn.yahoo.com/newspic/news/19921/1/,官员情妇两次流产遭抛弃　曝光官员淫秽短信,
http://news.cn.yahoo.com/newspic/news/6922/32/?auto==10,全国掀起扫黄风暴　涉黄场所天上落人间,
http://news.cn.yahoo.com/newspic/society/2994/1/,广东８４岁书法家欲变性　系佛山处级离休干部（,
http://news.cn.yahoo.com/ypen/20120531/1082314.html,联合国秘书长敦促叙利亚政府履行安南和平计划,
http://news.cn.yahoo.com/ypen/20120531/1082438.html?15,武汉一环卫工人因“占道”遭围殴　被泼滚烫米粉,
http://news.cn.yahoo.com/newspic/news/23261/,女大学生夜行遇劫　遭割喉身亡（,
http://news.cn.yahoo.com/newspic/news/17917/3/<,俄总统竞选“梅普”或许换位,
http://news.cn.yahoo.com/newspic/news/24888/,朝鲜员工迁新居　金正恩送彩电（,
http://news.cn.yahoo.com/newspic/news/18357/?auto=tr,北京宝马女挤翻本田撞飞路人　受审迟到庭上轻笑,
http://news.cn.yahoo.com/newspic/news/15913/15/?autoe=5,四川美院女生遭前男友发艳照报复,
http://news.cn.yahoo.com/newspic/news_newspic_articl=16551,四川渠江因暴雨突发洪水　８０余万民众受灾,
http://news.cn.yahoo.com/ypen/20120607/1096822.html<,叙粮价大涨百万人需援助　海外人士资助反对派,
http://news.cn.yahoo.com/ypen/20120607/1097134.html<,河南漯河省级文保旁建高楼　百年老房随时会坍塌,
http://news.cn.yahoo.com/ypen/20120604/1087878.html<,多伦多枪击案似为寻仇　目击者回忆＂恐怖＂现场,
http://news.cn.yahoo.com/newspic/6900/1/</url>,广西南宁整治６家涉黄场所　嫖客自抽耳光,
http://news.cn.yahoo.com/newspic/news/25015/</url>,走近霓虹灯下的俄罗斯女孩　梦醉迷离（,
http://news.cn.yahoo.com/newspic/news/4119/12/?overvl>,盘点全球空姐的秘闻,
http://news.cn.yahoo.com/newspic/news/9885/22/?overvl>,选秀“脱光门”女主角被人肉,
http://news.cn.yahoo.com/ypen/20120607/1097286.html<,考古学家挖到莎士比亚剧院遗址　建造于红灯区,
http://news.cn.yahoo.com/newspic/news/10084/66/</url,盘点中国特色的雷人标语,
http://news.cn.yahoo.com/newspic/news/23980/1/</url>,菲媒称中国禁止其渔民赴黄岩岛捕鱼（,
http://news.cn.yahoo.com/newspic/news/17793/30/?autoe=5</url>,他们靠什么上位走红？,
http://news.cn.yahoo.com/ypen/20120614/1111594.html<,酒泉基地安装红外防侵入装置　装甲车巡逻,
http://news.cn.yahoo.com/ypen/20120614/1110629.html?_15</url>,干爹干女儿偷情十年　私奔不成相约服药割腕,
http://news.cn.yahoo.com/newspic/news/18316/14/?autoe=5</url>,那些匪夷所思的意外,
http://news.cn.yahoo.com/ypen/20120607/1096227.html?8_15</url>,香港女收银员被拍胸及被称“大波莲”获赔８万,
http://news.cn.yahoo.com/newspic/news/17017/15/?overrl>,ｈｏｌｄ不住命运的中国人,
http://news.cn.yahoo.com/ypen/20120613/1109684.html<,江西遂川系列“捡钱分钱”诈骗案被警方破获,
http://news.cn.yahoo.com/newspic/news/17760/4/</url>,陕西西安市灞桥区发生山体滑塌事故,
http://news.cn.yahoo.com/newspic/news/10330/37/?overrl>,最新朝鲜生活照　有辛酸也有快乐,
http://news.cn.yahoo.com/ypen/20120605/1090617.html<,日本石垣市为“后期管理”钓鱼岛募捐　被指敛财,
http://news.cn.yahoo.com/newspic/news/1397/4/?overvi>,上海山寨版五角大楼,
http://news.cn.yahoo.com/ypen/20120601/1084381.html<,工业盐造酱油事件追踪：海天起诉威极商标侵权,
http://news.cn.yahoo.com/newspic/society/1996/1/</ur,情人节当晚北京道路拥堵,
http://news.cn.yahoo.com/newspic/news/13494/12/</url,留学录取率最高的１５所美国名校,
http://news.cn.yahoo.com/newspic/news/10870/3/</url>,探访非洲地狱般沙漠：火山毒气硫磺湖泊俱全,
http://news.cn.yahoo.com/newspic/news/24959/</url>,非洲藉妓女裸身揽客（,
http://news.cn.yahoo.com/newspic/news/20945/4/?auto==5</url>,尼日利亚北部连环爆炸　数百人死亡,
http://news.cn.yahoo.com/ypen/20120605/1092255.html<,梁晓声：文化不能使老百姓变傻,
http://news.cn.yahoo.com/newspic/news/13792/6/?overvl>,清华大学师生表演大型团体操　迎接百年校庆,
http://news.cn.yahoo.com/newspic/news/17781/?f=E454_,盘点美国宇航局发布的浩瀚宇宙星空精彩图片,
http://news.cn.yahoo.com/ypen/20120603/1087001.html<,黎巴嫩北部发生教派冲突　已致１２人死４９人受伤,
http://news.cn.yahoo.com/newspic/6345/16/</url>,全球最具争议道德底线,
http://news.cn.yahoo.com/ypen/20120605/1091409.html<,背景资料：印度概况,
http://news.cn.yahoo.com/newspic/news/3500/?overview,郑州火车站新出站口遭“冷落”,
http://news.cn.yahoo.com/ypen/20120614/1112529.html<,邯郸现食人鳄：盘点盲目放生导致的悲剧,
http://news.cn.yahoo.com/newspic/news/20882/3/</url>,京广线Ｄ６１５次动车突发故障停车,
http://news.cn.yahoo.com/ypen/20120613/1109497.html<,首起电视剧植入广告虚假宣传案一审宣判,
http://news.cn.yahoo.com/ypen/20120607/1095870.html???????????????????????????????</url>,中国渔政船正常巡航钓鱼岛遭日方“警告”,
http://news.cn.yahoo.com/ypen/20120604/1088911.html<,日本首相野田组建新一届内阁　更换５名内阁大臣,
http://news.cn.yahoo.com/ypen/20120614/1112553.html<,泉州１０米高架桥机倒塌　１名工人坠落受重伤（图）,
http://news.cn.yahoo.com/newspic/news_newspic_articl=13761</url>,胆小勿入！揭秘世界上最美悬崖,
http://news.cn.yahoo.com/ypen/20120602/1086042.html<,新疆地震局：乌恰近期发生更大地震可能性不大,
http://news.cn.yahoo.com/newspic/news/24250/1/</url>,英国举行女王登基６０周年庆典阅兵（,
http://news.cn.yahoo.com/ypen/20120606/1094873.html<,重庆一库房危化品泄漏　上百人紧急转移（图）,
http://news.cn.yahoo.com/newspic/news/10330/6/</url>,最新朝鲜生活照　有辛酸也有快乐,
http://news.cn.yahoo.com/ypen/20120608/1099476.html<,高考成绩２３日可查　香港高校月底开始面试,
http://news.cn.yahoo.com/newspic/news/8732/3/?overvi>,人类最丑陋的“行为艺术”,
http://news.cn.yahoo.com/ypen/20120612/1107116.html<,北京８家银行房贷利率最低８．５折　业内称已是底线,
http://news.cn.yahoo.com/newspic/news/14086/</url>,台考试院长独生女　婚后１年坠楼身亡,
http://news.cn.yahoo.com/ypen/20120609/1100918.html<,福建选举产生４１名出席十八大代表　贺国强当选,
http://news.cn.yahoo.com/newspic/society/2946/</url>,六岁女孩全身长绒毛（,
http://news.cn.yahoo.com/newspic/news/17671/2/?auto==3</url>,盘点全球最奢侈购物区　欧美ＰＫ阿联酋,
http://news.cn.yahoo.com/ypen/20120608/1097596.html<,联合国发布报告称预测２０１２年中国经济增长８．３％,
http://news.cn.yahoo.com/newspic/news/21746/</url>,菲律宾奎松市一所监狱发生暴动（,
http://news.cn.yahoo.com/newspic/news/14150/2/</url>,汶川地震三周年：“猪坚强”的幸福生活,
http://news.cn.yahoo.com/newspic/news/19648/</url>,中国三菱劳工索赔团在日本国会前游行示威,
http://news.cn.yahoo.com/newspic/news/24468/</url>,叙利亚反对派蒙面现身戛纳电影节（,
http://news.cn.yahoo.com/newspic/news_newspic_articl=1352&pg=6</url>,中国第２６次南极考察队乘雪龙号出征,
http://news.cn.yahoo.com/newspic/news/12332/4/?overvl>,郑州客流未减“春运”延长,
http://news.cn.yahoo.com/newspic/news/15666/21/</url,活跃在全球政坛上的“铁娘子”,
http://news.cn.yahoo.com/ypen/20120611/1102336.html<,江苏丰县回应３００多亩大棚变身荒草地,
http://news.cn.yahoo.com/newspic/news/10419/4/?overvl>,全国１４１万考生参加“国考”,
http://news.cn.yahoo.com/ypen/20120531/1082189.html<,甘肃宕昌县发生崩塌灾害　导致２人死亡,
http://news.cn.yahoo.com/newspic/news/7249/</url>,甘肃金塔矿难被困１３人遇难,
http://news.cn.yahoo.com/newspic/news/21285/8/?auto==5</url>,马尔代夫发生军事哗变　总统辞职,
http://news.cn.yahoo.com/ypen/20120604/1089581.html,父亲和三岁女儿翻唱《因为爱情》走红网络,
http://news.cn.yahoo.com/newspic/news/8391/31/</url,珍贵照片展示真实毛泽东身前背后事,
http://news.cn.yahoo.com/newspic/news/12672/10/?autme=3</url>,英国摄影师记录胖人生活,
http://news.cn.yahoo.com/newspic/news/24720/</url>,巴基斯坦惊现真实版“象人”（,
http://news.cn.yahoo.com/newspic/news/9626/8/?overvl>,谁能帮帮他！请关注逃命到张家界的手脚链锁青年,
http://news.cn.yahoo.com/newspic/news/11245/9/?overrl>,２０１０哪些“浮云”让你印象深刻,
http://news.cn.yahoo.com/ypen/20120605/1091034.html,法国第一女友继续做记者　不再报道政治话题（图）,
http://news.cn.yahoo.com/ypen/20120607/1095135.html118531.0.231&source=tb_news_2,传汤灿被判１５年　经纪人回应称“在北京好好的”,
http://news.cn.yahoo.com/newspic/society/1621/3/</u,两女冒充韩整形专家　１７岁女生割成“怒目圆睁”,
http://news.cn.yahoo.com/newspic/news/4327/16/?overrl>,中国８０后美女漫画家“秒杀”日本宅男,
http://news.cn.yahoo.com/ypen/20120603/1086231.html,女孩辍学打工养无血缘弟弟,
http://news.cn.yahoo.com/newspic/news/1844/1/</url>,偷渡客竟然藏身面粉车　走霉运仍难逃被抓,
http://news.cn.yahoo.com/newspic/news/9317/5/?overvl>,探险家深入活火山内部　炙热熔岩随时喷涌,
http://news.cn.yahoo.com/newspic/news/22816/</url>,借钱不成　吸毒离异男割喉杀害好心老板（,
http://news.cn.yahoo.com/ypen/20120612/1106694.html315_15</url>,新娘打麻将不入洞房　新郎赌气防晒霜里灌冰淇淋,
http://news.cn.yahoo.com/newspic/society/46/3/</url,超惊险！蟒蛇暴起咬人全过程！,
http://news.cn.yahoo.com/newspic/news/7930/14/</url,全球最佳国家排名　中国仅列第５９远落后于日韩,
http://news.cn.yahoo.com/newspic/news/19577/4/</url,洋妞海上度假　基本都会大尺度,
http://news.cn.yahoo.com/ypen/20120610/1101245.html,男子嫖娼起纠纷挨打　老乡帮寻仇认错门被捅死,
http://news.cn.yahoo.com/newspic/news/24988/</url>,１７岁癌症少年无钱治疗　含泪捐全身器官（,
http://news.cn.yahoo.com/ypen/20120607/1095044.html,乌鲁木齐一患者家属医院电梯内挥拳打伤女医生,
http://news.cn.yahoo.com/newspic/news/17180/4/?overrl>,中大奖的都是人才！盘点各种有创意领奖装备,
http://news.cn.yahoo.com/ypen/20120612/1106742.html,家中遭遇泥石流　７旬老太半夜砸门救出家人,
http://news.cn.yahoo.com/newspic/society/2921/1/</u,女选手赛场换内裤引争议（,
http://news.cn.yahoo.com/newspic/news/24131/</url>,正太压倒型男！全球百大性感男士（,
http://news.cn.yahoo.com/newspic/news/7217/8/?auto==5</url>,探秘崖葬悬棺中的惊悚干尸,
http://news.cn.yahoo.com/newspic/news/18324/1/</url,泰国中部遇半世纪以来最严重洪灾　总理英拉慰问,
http://news.cn.yahoo.com/newspic/society/611/3/?autme=3</url>,中东出石油更盛产美女　王妃夫人各个是传奇,
http://news.cn.yahoo.com/ypen/20120606/1092652.html,广东未来三天热　带伞防阵雨（图）,
http://news.cn.yahoo.com/ypen/20120614/1112951.html,美国再次坚称俄罗斯向叙利亚供应战斗直升机,
http://news.cn.yahoo.com/ypen/20120612/1106081.html,“走婚族”悄然兴起　六成网友称能接受,
http://news.cn.yahoo.com/newspic/news/6922/33/?overrl>,全国掀起扫黄风暴　涉黄场所天上落人间,
http://news.cn.yahoo.com/ypen/20120613/1107633.html</url>,缅甸若开邦骚乱局势总体得到控制,
